{   
   "name": "deadlands-rules",   
   "title": "Rule Set: Deadlands Weird West",   
   "description": "Deadlands Weird West rules and data",   
   "author": "Pinnacle Entertianment Group",
   "version": "1.0.5",
   "minimumCoreVersion": "0.6.6",
   "compatibleCoreVersion":"0.6.6",
   "systems": ["swade"],
   "url": "https://github.com/Freewolf2000/deadlands-rules",
   "manifest": "https://raw.githubusercontent.com/Freewolf2000/deadlands-rules/master/deadland-rules/module.json",
   "download": "https://github.com/Freewolf2000/deadlands-rules/raw/master/deadland-rules.zip",
   "packs": [
    {
      "name": "Edges-Deadlands",
      "label": "Edges Deadlands",
      "system": "swade",
      "path": "./packs/edges-deadlands.db",
      "entity": "Item",
      "module": "deadlands-rules"
    },
    {
      "name": "Edges-Deadlands-Companion",
      "label": "Edges Deadlands Companion",
      "system": "swade",
      "path": "./packs/edges-deadlands-companion.db",
      "entity": "Item",
      "module": "deadlands-rules"
    },
    {
      "name": "Powers-Deadlands",
      "label": "Powers Deadlands",
      "system": "swade",
      "path": "./packs/powers-deadlands.db",
      "entity": "Item",
      "module": "deadlands-rules"
    },
    {
      "name": "Powers-Deadlands-Companion",
      "label": "Powers Deadlands Companion",
      "system": "swade",
      "path": "./packs/powers-deadlands-companion.db",
      "entity": "Item",
      "module": "deadlands-rules"
    },
    {
      "name": "Hindrances-Deadlands",
      "label": "Hindrances Deadlands",
      "system": "swade",
      "path": "./packs/hindrances-deadlands.db",
      "entity": "Item",
      "module": "deadlands-rules"
    },
    {
      "name": "Skills-Deadlands",
      "label": "Skills Deadlands",
      "system": "swade",
      "path": "./packs/skills-deadlands.db",
      "entity": "Item",
      "module": "deadlands-rules"
    },
    {
      "name": "Gear-Deadlands-Common-Gear",
      "label": "Gear Deadlands Common Gear",
      "system": "swade",
      "path": "./packs/gear-deadlands-common-gear.db",
      "entity": "Item",
      "module": "deadlands-rules"
    },
    {
      "name": "Gear-Deadlands-Explosives",
      "label": "Gear Deadlands Explosives",
      "system": "swade",
      "path": "./packs/gear-deadlands-explosives.db",
      "entity": "Item",
      "module": "deadlands-rules"
    },
    {
      "name": "Gear-Deadlands-Gatling-Weapons",
      "label": "Gear Deadlands Gatling Weapons",
      "system": "swade",
      "path": "./packs/gear-deadlands-gatling-weapons.db",
      "entity": "Item",
      "module": "deadlands-rules"
    },
    {
      "name": "Gear-Deadlands-Infernal-Devices",
      "label": "Gear Deadlands Infernal Devices",
      "system": "swade",
      "path": "./packs/gear-deadlands-infernal-devices.db",
      "entity": "Item",
      "module": "deadlands-rules"
    },
    {
      "name": "Gear-Deadlands-Melee-Weapons",
      "label": "Gear Deadlands Melee Weapons",
      "system": "swade",
      "path": "./packs/gear-deadlands-melee-weapons.db",
      "entity": "Item",
      "module": "deadlands-rules"
    },
    {
      "name": "Gear-Deadlands-Ranged Weapons",
      "label": "Gear Deadlands Ranged Weapons",
      "system": "swade",
      "path": "./packs/gear-deadlands-ranged-weapons.db",
      "entity": "Item",
      "module": "deadlands-rules"
    },
    {
      "name": "Rules-Deadlands",
      "label": "Rules Deadlands",
      "system": "swade",
      "path": "./packs/rules-deadlands.db",
      "entity": "JournalEntry",
      "module": "deadlands-rules"
    },
    {
      "name": "Tables-Deadlands",
      "label": "Tables Deadlands",
      "system": "swade",
      "path": "./packs/tables-deadlands.db",
      "entity": "RollTable",
      "module": "deadlands-rules"
    }
  ]
}
